<?xml version="1.0" encoding="UTF-8"?>
<!DOCTYPE chapter PUBLIC "-//OASIS//DTD DocBook XML V4.4//EN"
"http://www.oasis-open.org/docbook/xml/4.4/docbookx.dtd"[
]>
<!--
Licensed to the Apache Software Foundation (ASF) under one
or more contributor license agreements.  See the NOTICE file
distributed with this work for additional information
regarding copyright ownership.  The ASF licenses this file
to you under the Apache License, Version 2.0 (the
"License"); you may not use this file except in compliance
with the License.  You may obtain a copy of the License at

   http://www.apache.org/licenses/LICENSE-2.0

Unless required by applicable law or agreed to in writing,
software distributed under the License is distributed on an
"AS IS" BASIS, WITHOUT WARRANTIES OR CONDITIONS OF ANY
KIND, either express or implied.  See the License for the
specific language governing permissions and limitations
under the License.
-->

<chapter id="tools.namefind">

	<title>Name Finder</title>

	<section id="tools.namefind.recognition">
		<title>Named Entity Recognition</title>
		<para>
			The Name Finder can detect named entities and numbers in text. To be able to
			detect entities the Name Finder needs a model. The model is dependent on the
			language and entity type it was trained for. The OpenNLP projects offers a number
			of pre-trained name finder models which are trained on various freely available corpora.
			They can be downloaded at our model download page. To find names in raw text the text
			must be segmented into tokens and sentences. A detailed description is given in the
			sentence detector and tokenizer tutorial. It is important that the tokenization for
			the training data and the input text is identical.
		</para>
	
	<section id="tools.namefind.recognition.cmdline">
		<title>Name Finder Tool</title>
		<para>
			The easiest way to try out the Name Finder is the command line tool.
			The tool is only intended for demonstration and testing. Download the
			English
			person model and start the Name Finder Tool with this command:
			<screen>
				<![CDATA[
$ opennlp TokenNameFinder en-ner-person.bin]]>
			 </screen>
			 
			The name finder now reads a tokenized sentence per line from stdin, an empty
			line indicates a document boundary and resets the adaptive feature generators.
			Just copy this text to the terminal:
	
			<screen>
				<![CDATA[
Pierre Vinken , 61 years old , will join the board as a nonexecutive director Nov. 29 .
Mr . Vinken is chairman of Elsevier N.V. , the Dutch publishing group .
Rudolph Agnew , 55 years old and former chairman of Consolidated Gold Fields PLC , was named
    a director of this British industrial conglomerate .]]>
			 </screen>
			 the name finder will now output the text with markup for person names:
			<screen>
				<![CDATA[
<START:person> Pierre Vinken <END> , 61 years old , will join the board as a nonexecutive director Nov. 29 .
Mr . <START:person> Vinken <END> is chairman of Elsevier N.V. , the Dutch publishing group .
<START:person> Rudolph Agnew <END> , 55 years old and former chairman of Consolidated Gold Fields PLC ,
    was named a director of this British industrial conglomerate .]]>
			 </screen>
		</para>
	</section>
		<section id="tools.namefind.recognition.api">
		<title>Name Finder API</title>
		<para>
			To use the Name Finder in a production system it is strongly recommended to embed it
			directly into the application instead of using the command line interface.
			First the name finder model must be loaded into memory from disk or an other source.
			In the sample below it is loaded from disk.
			<programlisting language="java">
				<![CDATA[
InputStream modelIn = new FileInputStream("en-ner-person.bin");

try {
  TokenNameFinderModel model = new TokenNameFinderModel(modelIn);
}
catch (IOException e) {
  e.printStackTrace();
}
finally {
  if (modelIn != null) {
    try {
      modelIn.close();
    }
    catch (IOException e) {
    }
  }
}]]>
			 </programlisting>
			 There is a number of reasons why the model loading can fail:
			 <itemizedlist>
				<listitem>
					<para>Issues with the underlying I/O</para>
				</listitem>
				<listitem>
					<para>The version of the model is not compatible with the OpenNLP version</para>
				</listitem>
				<listitem>
					<para>The model is loaded into the wrong component,
					for example a tokenizer model is loaded with TokenNameFinderModel class.</para>
				</listitem>
				<listitem>
					<para>The model content is not valid for some other reason</para>
				</listitem>
			</itemizedlist>
			After the model is loaded the NameFinderME can be instantiated.
			<programlisting language="java">
				<![CDATA[
NameFinderME nameFinder = new NameFinderME(model);]]>
			</programlisting>
			The initialization is now finished and the Name Finder can be used. The NameFinderME
			class is not thread safe, it must only be called from one thread. To use multiple threads
			multiple NameFinderME instances sharing the same model instance can be created.
			The input text should be segmented into documents, sentences and tokens.
			To perform entity detection an application calls the find method for every sentence in the
			document. After every document clearAdaptiveData must be called to clear the adaptive data in
			the feature generators. Not calling clearAdaptiveData can lead to a sharp drop in the detection
			rate after a few documents.
			The following code illustrates that:
			<programlisting language="java">
				<![CDATA[
for (String document[][] : documents) {

  for (String[] sentence : document) {
    Span nameSpans[] = nameFinder.find(sentence);
    // do something with the names
  }

  nameFinder.clearAdaptiveData()
}]]>
			 </programlisting>
			 the following snippet shows a call to find
			 <programlisting language="java">
				<![CDATA[
String sentence[] = new String[]{
    "Pierre",
    "Vinken",
    "is",
    "61",
    "years"
    "old",
    "."
    };

Span nameSpans[] = nameFinder.find(sentence);]]>
			</programlisting>
			The nameSpans arrays contains now exactly one Span which marks the name Pierre Vinken. 
			The elements between the begin and end offsets are the name tokens. In this case the begin 
			offset is 0 and the end offset is 2. The Span object also knows the type of the entity.
			In this case it is person (defined by the model). It can be retrieved with a call to Span.getType().
			Additionally to the statistical Name Finder, OpenNLP also offers a dictionary and a regular
			expression name finder implementation.
		</para>
		<para>
			TODO: Explain how to retrieve probs from the name finder for names and for non recognized names
		</para>
	</section>
	</section>
	<section id="tools.namefind.training">
		<title>Name Finder Training</title>
		<para>
			The pre-trained models might not be available for a desired language, can not detect
			important entities or the performance is not good enough outside the news domain.
			These are the typical reason to do custom training of the name finder on a new corpus
			or on a corpus which is extended by private training data taken from the data which should be analyzed.
		</para>
		
		<section id="tools.namefind.training.tool">
		<title>Training Tool</title>
		<para>
			OpenNLP has a command line tool which is used to train the models available from the model
			download page on various corpora.
		</para>
		<para>
			The data can be converted to the OpenNLP name finder training format. Which is one
            sentence per line. Some other formats are available as well.
			The sentence must be tokenized and contain spans which mark the entities. Documents are separated by
			empty lines which trigger the reset of the adaptive feature generators. A training file can contain
			multiple types. If the training file contains multiple types the created model will also be able to
			detect these multiple types. For now it is recommended to only train single type models, since multi
			type support is still experimental.
		</para>
		<para>
			Sample sentence of the data:
			<screen>
				<![CDATA[
<START:person> Pierre Vinken <END> , 61 years old , will join the board as a nonexecutive director Nov. 29 .
Mr . <START:person> Vinken <END> is chairman of Elsevier N.V. , the Dutch publishing group .]]>
			 </screen>
			 The training data should contain at least 15000 sentences to create a model which performs well.
			 Usage of the tool:
			<screen>
				<![CDATA[
$ opennlp TokenNameFinderTrainer
Usage: opennlp TokenNameFinderTrainer[.bionlp2004|.conll03|.conll02|.ad] [-resources resourcesDir] \
               [-type modelType] [-featuregen featuregenFile] [-params paramsFile] \
               [-iterations num] [-cutoff num] -model modelFile -lang language \
               -data sampleData [-encoding charsetName]

Arguments description:
        -resources resourcesDir
                The resources directory
        -type modelType
                The type of the token name finder model
        -featuregen featuregenFile
                The feature generator descriptor file
        -params paramsFile
                training parameters file.
        -iterations num
                number of training iterations, ignored if -params is used.
        -cutoff num
                minimal number of times a feature must be seen, ignored if -params is used.
        -model modelFile
                output model file.
        -lang language
                language which is being processed.
        -data sampleData
                data to be used, usually a file name.
        -encoding charsetName
                encoding for reading and writing text, if absent the system default is used.]]>
			 </screen>
			 It is now assumed that the english person name finder model should be trained from a file
			 called en-ner-person.train which is encoded as UTF-8. The following command will train
			 the name finder and write the model to en-ner-person.bin:
			 <screen>
				<![CDATA[
$ opennlp TokenNameFinderTrainer -model en-ner-person.bin -lang en -data en-ner-person.train -encoding UTF-8]]>
			 </screen>
			 Additionally it is possible to specify the number of iterations,
			 the cutoff and to overwrite all types in the training data with a single type.
		</para>
		</section>
		<section id="tools.namefind.training.api">
		<title>Training API</title>
		<para>
			To train the name finder from within an application it is recommended to use the training
			API instead of the command line tool.
			Basically three steps are necessary to train it:
			<itemizedlist>
				<listitem>
					<para>The application must open a sample data stream</para>
				</listitem>
				<listitem>
					<para>Call the NameFinderME.train method</para>
				</listitem>
				<listitem>
					<para>Save the TokenNameFinderModel to a file or database</para>
				</listitem>
			</itemizedlist>
			The three steps are illustrated by the following sample code:
			<programlisting language="java">
				<![CDATA[
Charset charset = Charset.forName("UTF-8");
ObjectStream<String> lineStream =
		new PlainTextByLineStream(new FileInputStream("en-ner-person.train"), charset);
ObjectStream<NameSample> sampleStream = new NameSampleDataStream(lineStream);

TokenNameFinderModel model;

try {
  model = NameFinderME.train("en", "person", sampleStream, TrainingParameters.defaultParams(),
            null, Collections.<String, Object>emptyMap());
}
finally {
  sampleStream.close();
}

try {
  modelOut = new BufferedOutputStream(new FileOutputStream(modelFile));
  model.serialize(modelOut);
} finally {
  if (modelOut != null) 
     modelOut.close();      
}]]>
			 </programlisting>
		</para>
		</section>
		
		<section id="tools.namefind.training.featuregen">
		<title>Custom Feature Generation</title>
			<para>
				OpenNLP defines a default feature generation which is used when no custom feature
				generation is specified. Users which want to experiment with the feature generation
				can provide a custom feature generator. Either via API or via an xml descriptor file.
			</para>
			<section id="tools.namefind.training.featuregen.api">
			<title>Feature Generation defined by API</title>
			<para>
				The custom generator must be used for training
				and for detecting the names. If the feature generation during training time and detection
				time is different the name finder might not be able to detect names.
				The following lines show how to construct a custom feature generator
				<programlisting language="java">
					<![CDATA[
AdaptiveFeatureGenerator featureGenerator = new CachedFeatureGenerator(
         new AdaptiveFeatureGenerator[]{
           new WindowFeatureGenerator(new TokenFeatureGenerator(), 2, 2),
           new WindowFeatureGenerator(new TokenClassFeatureGenerator(true), 2, 2),
           new OutcomePriorFeatureGenerator(),
           new PreviousMapFeatureGenerator(),
           new BigramNameFeatureGenerator(),
           new SentenceFeatureGenerator(true, false)
           });]]>
				</programlisting>
				which is similar to the default feature generator.
				The javadoc of the feature generator classes explain what the individual feature generators do.
				To write a custom feature generator please implement the AdaptiveFeatureGenerator interface or
				if it must not be adaptive extend the FeatureGeneratorAdapter.
				The train method which should be used is defined as
				<programlisting language="java">
					<![CDATA[
public static TokenNameFinderModel train(String languageCode, String type, ObjectStream<NameSample> samples, 
       TrainingParameters trainParams, AdaptiveFeatureGenerator generator, final Map<String, Object> resources) throws IOException]]>
				</programlisting>
				and can take feature generator as an argument.
				To detect names the model which was returned from the train method and the
				feature generator must be passed to the NameFinderME constructor.
				<programlisting language="java">
					<![CDATA[
new NameFinderME(model, featureGenerator, NameFinderME.DEFAULT_BEAM_SIZE);]]>
				 </programlisting>	 
			</para>
			</section>
			<section id="tools.namefind.training.featuregen.xml">
			<title>Feature Generation defined by XML Descriptor</title>
			<para>
			OpenNLP can also use a xml descriptor file to configure the feature generation. The
            descriptor
			file is stored inside the model after training and the feature generators are configured
			correctly when the name finder is instantiated.
			
			The following sample shows a xml descriptor:
				<programlisting language="xml">
					<![CDATA[
<generators>
  <cache> 
    <generators>
      <window prevLength = "2" nextLength = "2">          
        <tokenclass/>
      </window>
      <window prevLength = "2" nextLength = "2">                
        <token/>
      </window>
      <definition/>
      <prevmap/>
      <bigram/>
      <sentence begin="true" end="false"/>
    </generators>
  </cache> 
</generators>]]>
				 </programlisting>
		    The root element must be generators, each sub-element adds a feature generator to the configuration.
		    The sample xml is equivalent to the generators defined by the API above.
			</para>
			<para>
			The following table shows the supported elements:
			<table>
			  <title>Generator elements</title>
			  <tgroup cols="2">
			    <colspec colname="c1"/>
			    <colspec colname="c2"/>
			    <thead>
			      <row>
				<entry>Element</entry>
				<entry>Aggregated</entry>
				<entry>Attributes</entry>
			      </row>
			    </thead>
			    <tbody>
			      <row>
					<entry>generators</entry>
					<entry>yes</entry>
					<entry>none</entry>
			      </row>
			      <row>
					<entry>cache</entry>
					<entry>yes</entry>
					<entry>none</entry>
			      </row>
			      <row>
					<entry>charngram</entry>
					<entry>no</entry>
					<entry><emphasis>min</emphasis> and <emphasis>max</emphasis> specify the length of the generated character ngrams</entry>
			      </row>
			      <row>
					<entry>definition</entry>
					<entry>no</entry>
					<entry>none</entry>
			      </row>
			      <row>
					<entry>dictionary</entry>
					<entry>no</entry>
					<entry><emphasis>dict</emphasis> is the key of the dictionary resource to use,
					       and <emphasis>prefix</emphasis> is a feature prefix string</entry>
			      </row>
			      <row>
					<entry>prevmap</entry>
					<entry>no</entry>
					<entry>none</entry>
			      </row>
			      <row>
					<entry>sentence</entry>
					<entry>no</entry>
					<entry><emphasis>begin</emphasis> and <emphasis>end</emphasis> to generate begin or end features, both are optional and are boolean values</entry>
			      </row>
			      <row>
					<entry>tokenclass</entry>
					<entry>no</entry>
					<entry>none</entry>
			      </row>
			      <row>
					<entry>token</entry>
					<entry>no</entry>
					<entry>none</entry>
			      </row>
			      <row>
					<entry>bigram</entry>
					<entry>no</entry>
					<entry>none</entry>
			      </row>
			      <row>
					<entry>tokenpattern</entry>
					<entry>no</entry>
					<entry>none</entry>
			      </row>
			      <row>
					<entry>window</entry>
					<entry>yes</entry>
					<entry><emphasis>prevLength</emphasis> and <emphasis>nextLength</emphasis> must be integers ans specify the window size</entry>
			      </row>
			      <row>
					<entry>custom</entry>
					<entry>no</entry>
					<entry><emphasis>class</emphasis> is the name of the feature generator class which will be loaded</entry>
			      </row>
			    </tbody>
			  </tgroup>
			</table>
			Aggregated feature generators can contain other generators, like the cache or the window feature
			generator in the sample.
			</para>
			</section>
		</section>
	</section>
	<section id="tools.namefind.eval">
		<title>Evaluation</title>
		<para>
		The built in evaluation can measure the named entity recognition performance of the name finder.
		The performance is either measured on a test dataset or via cross validation.
		</para>
		<section id="tools.namefind.eval.tool">
		<title>Evaluation Tool</title>
		<para>
		The following command shows how the tool can be run:
		<screen>
            <![CDATA[
$ opennlp TokenNameFinderEvaluator -model en-ner-person.bin -lang en -data en-ner-person.test -encoding UTF-8

Precision: 0.8005071889818507
Recall: 0.7450581122145297
F-Measure: 0.7717879983140168]]>
         </screen>
			 Note: The command line interface does not support cross evaluation in the current version.
		</para>
		</section>
		<section id="tools.namefind.eval.api">
		<title>Evaluation API</title>
		<para>
		The evaluation can be performed on a pre-trained model and a test dataset or via cross validation.
		In the first case the model must be loaded and a NameSample ObjectStream must be created (see code samples above),
		assuming these two objects exist the following code shows how to perform the evaluation:
			<programlisting language="java">
				<![CDATA[
TokenNameFinderEvaluator evaluator = new TokenNameFinderEvaluator(new NameFinderME(model));
evaluator.evaluate(sampleStream);

FMeasure result = evaluator.getFMeasure();

System.out.println(result.toString());]]>
			</programlisting>
			In the cross validation case all the training arguments must be
			provided (see the Training API section above).
			To perform cross validation the ObjectStream must be resettable.
			<programlisting language="java">
				<![CDATA[
FileInputStream sampleDataIn = new FileInputStream("en-ner-person.train");
ObjectStream<NameSample> sampleStream = new PlainTextByLineStream(sampleDataIn.getChannel(), "UTF-8"); 
TokenNameFinderCrossValidator evaluator = new TokenNameFinderCrossValidator("en", 100, 5);
evaluator.evaluate(sampleStream, 10);

FMeasure result = evaluator.getFMeasure();

System.out.println(result.toString());]]>
			</programlisting>
		</para>
		</section>
	</section>
			<section id="tools.namefind.annotation_guides">
		<title>Named Entity Annotation Guidelines</title>
		<para>
			Annotation guidelines define what should be labeled as an entity. To build
			a private corpus it is important to know these guidelines and maybe write a
			custom one.
			Here is a list of publicly available annotation guidelines:
				<itemizedlist>
				<listitem>
					<para>
						<ulink  url="http://cs.nyu.edu/cs/faculty/grishman/NEtask20.book_1.html">
							MUC6
						</ulink>
					</para>
				</listitem>
				<listitem>
					<para>
						<ulink  url="http://acl.ldc.upenn.edu/muc7/ne_task.html">
							MUC7
						</ulink>
					</para>
				</listitem>
				<listitem>
					<para>
						<ulink  url="http://projects.ldc.upenn.edu/ace/docs/English-Entities-Guidelines_v5.6.1.pdf">
							ACE
						</ulink>
					</para>
				</listitem>
                <listitem>
                    <para>
                        <ulink  url="http://www.cnts.ua.ac.be/conll2002/ner/">
                            CONLL 2002
                        </ulink>
                    </para>
                </listitem>
				<listitem>
					<para>
						<ulink  url="http://www.cnts.ua.ac.be/conll2003/ner/annotation.txt">
							CONLL 2003
						</ulink>
					</para>
				</listitem>
			</itemizedlist>
		</para>
		</section>
</chapter>